B2,B3,B4,B5,B6,B7
20180717-200206_41_live,A272X64FOZFYLB,0,,0.5,10
20180717-200206_41_live,A3JLE2LJ5I17E2,1,0.5,0.5,10
20180719-120436_413_live,AU7A3QNJF3O00,0,,0,10
20180719-120436_413_live,A5NE8TWS8ZV7B,1,,0,10
20180719-122534_38_live,A125KW9P18V5Z1,0,,0,11
20180719-122534_38_live,A2T007HZK66WM,1,5,0.5,11
20180719-165941_192_live,A5NE8TWS8ZV7B,0,,0,10
20180719-165941_192_live,A290OV59Q76QC8,1,50,0,10
20180719-175233_833_live,A5NE8TWS8ZV7B,0,,0,10
20180719-175233_833_live,A2GV9WSNSPX53,1,,0.05,10
20180719-181845_211_live,A2UIGDOLX5RV95,0,20,0,11
20180719-181845_211_live,A5NE8TWS8ZV7B,1,20,0,11
20180719-182453_233_live,AP3L9UKTTG6D2,0,,0,10
20180719-182453_233_live,A3SGR153YCJ1XN,1,10,0,10
20180719-202443_897_live,A5NE8TWS8ZV7B,0,,0,10
20180719-202443_897_live,A27GHKQVQ0EC6F,1,1,1,10
20180719-204358_391_live,A5NE8TWS8ZV7B,0,,0,10
20180719-204358_391_live,AMH8XB95PX2NA,1,0.5,0,10
20180719-210146_172_live,A3W2TEQC53S3WW,0,,0.25,10
20180719-210146_172_live,A3PJAHAD5YO67C,1,2,0,10
20180719-211253_768_live,A5NE8TWS8ZV7B,0,,0,11
20180719-211253_768_live,A3C46LJ7P8YIO0,1,0.5,0.5,11
20180719-211301_463_live,A1T5MU5S5O2GO7,0,,0,11
20180719-211301_463_live,A286H1M66CL5ZI,1,5,0,11
20180719-211846_176_live,A2CF1L6HQ4CCC,0,,0,10
20180719-211846_176_live,A27MJOV91GA8R3,1,1.5,0,10
20180723-025150_733_live,A3774HPOUKYTX7,0,,0.2,10
20180723-025150_733_live,AVA6HLQVY2T01,1,0.2,0.2,10
20180723-031022_254_live,A2F2DDH12YU4AK,0,,0,10
20180723-031022_254_live,A3B2H4HGSP6JCF,1,5,1,10
20180723-034109_263_live,A1FTTOECAA04JO,0,,0,11
20180723-034109_263_live,A2ZHLWNAHFS71G,1,1,1,11
20180723-034654_121_live,A34SD1FM76TW98,0,,0,11
20180723-034654_121_live,A2WLTPBX05TW6D,1,1,0,11
20180723-040634_575_live,A36IYIE23IO4HE,0,,0,10
20180723-040634_575_live,AZCGSVDT79E6X,1,1.25,1.25,10
20180723-042226_724_live,AVA6HLQVY2T01,0,,0,11
20180723-042226_724_live,A1RGD548VIVY96,1,,0.5,11
20180723-042342_809_live,AEXF5EUX32U0M,0,,0,11
20180723-042342_809_live,A2UTV66F2E69A6,1,,0,11
20180723-042344_940_live,A1SJF7BZ0RXKIM,0,,0,10
20180723-042344_940_live,A35CL66BEUSJ5Z,1,0.1,0,10
20180723-042421_113_live,A321YWMP74ULKH,0,36,0.5,10
20180723-042421_113_live,A175PJR0W3LO8I,1,36,0,10
20180723-044617_32_live,A3D7JEGMSYKCUJ,0,,0,11
20180723-044617_32_live,A2QIZ31TMHU0GD,1,,0.5,11
20180723-052203_936_live,A2JBB3E2Y3LXJH,0,,0,10
20180723-052203_936_live,A2ABOMU5VUN9NG,1,1,0.5,10
20180723-055038_776_live,A1WOCD9SAYI07V,0,0.5,0,11
20180723-055038_776_live,A39GADIK8RLMVC,1,0.5,0.5,11
20180723-061928_535_live,A2LYTAQGBST6IC,0,,0,11
20180723-061928_535_live,A1TEVZP5DA1XYZ,1,125,100,11
20180723-062856_180_live,A30GPAEVFFIAIW,0,,0,11
20180723-062856_180_live,ANR2T3V039BA5,1,,0.1,11
20180723-064603_378_live,A1B5KIQ8JLR2F7,0,,0,10
20180723-064603_378_live,A11BSFO4LMHPXQ,1,,0,10
20180723-070336_48_live,A5NE8TWS8ZV7B,0,,0,10
20180723-070336_48_live,AMSAIACF91GM3,1,0,0,10
20180723-072435_196_live,A5NE8TWS8ZV7B,0,,0,10
20180723-072435_196_live,A30GPAEVFFIAIW,1,,0.01,10
20180723-073352_280_live,A3NUYAG56BPYBB,0,,0,11
20180723-073352_280_live,ANR2T3V039BA5,1,0.05,0.05,11
20180723-073908_711_live,ADIAEAPYRI8CK,0,,0,10
20180723-073908_711_live,ABFE72DCG89WW,1,0.5,0.5,10
20180723-074147_879_live,A5NE8TWS8ZV7B,0,,0,10
20180723-074147_879_live,A30GPAEVFFIAIW,1,0.005,0,10
20180723-075339_567_live,ANR2T3V039BA5,0,,0,10
20180723-075339_567_live,ARZV0T1MCI22L,1,0.2,0,10
20180723-080158_200_live,A5NE8TWS8ZV7B,0,,0,10
20180723-080158_200_live,A002160837SWJFPIAI7L7,1,,0,10
20180723-080248_452_live,A30GPAEVFFIAIW,0,,0,10
20180723-080248_452_live,ANR2T3V039BA5,1,,0.01,10
20180723-082451_335_live,A1LB9JOMFQ1UMG,0,,0,10
20180723-082451_335_live,A5NE8TWS8ZV7B,1,0.5,0,10
20180723-091102_738_live,A3DM7UHHDWBK9L,0,,0,11
20180723-091102_738_live,ANR2T3V039BA5,1,,0,11
20180723-091419_371_live,A3TUCOUVSP9ZGY,0,,0,10
20180723-091419_371_live,A1JRP3B1LNXJRP,1,,0.25,10
20180723-091508_49_live,A1BEBN58T1E0TH,0,,0,10
20180723-091508_49_live,APMGE1034C1LB,1,0.1,0,10
20180723-093509_578_live,A2ONILC0LZKG6Y,0,,1,11
20180723-093509_578_live,A1D1FOC2R5250C,1,1,1,11
20180723-094242_630_live,ANR2T3V039BA5,0,,0,10
20180723-094242_630_live,A2I4A4WGWII18Z,1,,1,10
20180723-100140_767_live,A3P1RCXKFG0NH3,0,,0,10
20180723-100140_767_live,A1JDE05XZK1E33,1,1,0,10
20180723-100855_385_live,A1DZ35VWU9HSB4,0,,0,10
20180723-100855_385_live,A2K05RWEOSTCAJ,1,,0,10
20180723-101530_805_live,A5NE8TWS8ZV7B,0,,0,10
20180723-101530_805_live,A3M0C5D28CCZCJ,1,0.5,0.5,10
20180723-103902_895_live,A2EPBSY0VPI38S,0,,0.25,11
20180723-103902_895_live,A5NE8TWS8ZV7B,1,0.5,0,11
20180723-105210_403_live,A3UPZ88FI1EJC,0,10,0,10
20180723-105210_403_live,AMPMTF5IAAMK8,1,10,0,10
20180723-112016_503_live,A2F1JTU06CO6VD,0,,0,10
20180723-112016_503_live,A16LLDMUV2OKM,1,0.01,0.01,10
20180723-113128_856_live,A24LUXW1DB1QI5,0,,0,11
20180723-113128_856_live,A1HUWK2J3GF1OY,1,,2,11
20180723-113700_19_live,A6IFXOBCV436G,0,,1,11
20180723-113700_19_live,A31BFQ3V5CLBGH,1,1,1,11
20180723-114415_254_live,AG7C4X3WKKBV,0,,0,10
20180723-114415_254_live,AJ204D5LUWTVY,1,100,0.1,10
20180723-120746_371_live,A2653BIPJKEMRK,0,,10,10
20180723-120746_371_live,A9HVP2MLUH38A,1,,0,10
20180723-121545_265_live,A13UY6H25XM3UW,0,,0.25,11
20180723-121545_265_live,A5NE8TWS8ZV7B,1,0.25,0,11
20180723-122005_335_live,AYSG3J2U3UF1Y,0,,0,10
20180723-122005_335_live,A2H85UOGW31OWJ,1,,0,10
20180808-001810_178_live,A03172343NB8PHOPICC1,0,,0.05,10
20180808-001810_178_live,A1XXI7APKCOIP3,1,0,0,10
20180808-004203_194_live,A37CO0N1KC1CDW,0,,0,11
20180808-004203_194_live,A1XATJA7ENOGWB,1,,0,11
20180808-011341_389_live,A295P5SW3N83P6,0,0.5,0.1,15
20180808-011341_389_live,A2EY6JJYF5RER5,1,0.5,0.5,15
20180808-011921_673_live,A1RGD548VIVY96,0,0,0.5,10
20180808-011921_673_live,A2O2Q0LVWOWJ1G,1,0,1,10
20180808-013755_350_live,AM0QVBV8L6QCJ,0,,0,11
20180808-013755_350_live,AZACVX0Q4KUKJ,1,1,2,11
20180808-015530_429_live,A1B6EGCM2DNDPC,0,,0.05,10
20180808-015530_429_live,AKJ22H1NTVIQX,1,0.6,0.6,10
20180808-020257_457_live,A1RGD548VIVY96,0,,0.5,10
20180808-020257_457_live,A258DUZQTRIEK0,1,,1,10
20180808-021732_428_live,AGRKG3YT3KMD8,0,,0,10
20180808-021732_428_live,A2MM10557W7PLD,1,20,0,10
20180808-022005_838_live,A1P1ZHZTQCHGEX,0,,0.05,10
20180808-022005_838_live,A2FUF8Z8WCFAR2,1,0.5,0,10
20180808-022730_384_live,AECQ7QG4CQP69,0,2,0,11
20180808-022730_384_live,AXP8EG22MPZY8,1,,0,11
20180808-024552_152_live,A2MM10557W7PLD,0,,0,11
20180808-024552_152_live,AS7ZK30LXDC46,1,,0,11
20180808-030338_328_live,A3U8PLWZQUK09D,0,,0,11
20180808-030338_328_live,A2MM10557W7PLD,1,,0,11
20180808-030454_242_live,A1RGD548VIVY96,0,,0.5,11
20180808-030454_242_live,A1AWYRBFQ7ONU2,1,,0.25,11
20180808-032041_562_live,AIX1EB7WS8F0R,0,0.05,0.05,10
20180808-032041_562_live,A1WKF2VH7TV0H2,1,0.05,0,10
20180808-032124_114_live,A2LV5432PV1S39,0,,0,10
20180808-032124_114_live,A1BJK18PJNW02Q,1,0,0,10
20180808-032354_369_live,A20EYMR2QEL2B1,0,2,0,11
20180808-032354_369_live,A2MM10557W7PLD,1,,0,11
20180808-032545_201_live,A26FIQ42LD6QIO,0,,0,10
20180808-032545_201_live,A1IDRRDSKK354F,1,,0,10
20180808-033451_555_live,A2MM10557W7PLD,0,0.85,0,10
20180808-033451_555_live,AFJDVJMLZ6P3D,1,0.85,0.5,10
20180808-034352_717_live,A3RGC0P0GID8KU,0,,0,10
20180808-034352_717_live,A17DXR1QC8GWL8,1,0.1,0.1,10
20180808-034448_815_live,A2NBK7KGJ5LVIV,0,,0,11
20180808-034448_815_live,A1TYMXIYUUUL6F,1,,0,11
20180808-035431_488_live,A1RGD548VIVY96,0,,0.5,10
20180808-035431_488_live,A109CH3492UU42,1,,0.1,10
20180808-035715_390_live,AQNM5R2NMGTG6,0,,0,10
20180808-035715_390_live,A33921T4I2XIRS,1,2,0,10
20180808-040435_931_live,AEWT71858NL5V,0,,0,11
20180808-040435_931_live,A2MM10557W7PLD,1,0,0,11
20180808-042339_620_live,A1ZRAXU8G2ORCF,0,,0,10
20180808-042339_620_live,A2MM10557W7PLD,1,10000,0,10
20180808-043445_804_live,A1RGD548VIVY96,0,,0.5,11
20180808-043445_804_live,A1V5VJE32G7HDE,1,,0.5,11
20180808-050533_601_live,A1YBX7P5PY8LL,0,,0,11
20180808-050533_601_live,A3095ABT1L25QK,1,0,0,11
20180808-052501_689_live,A1RK0C8N3ABXFY,0,,0,10
20180808-052501_689_live,AXLXMWIAM09FJ,1,10,10,10
20180808-062753_12_live,A1K0S514CEY1UG,0,,0,10
20180808-062753_12_live,A2V3JF5LEL7L7U,1,1.15,0,10
20180808-063034_444_live,A08663392NYK5WHK2M2M8,0,,0,10
20180808-063034_444_live,AHJY77ODGYJ69,1,,0,10
20180808-064212_144_live,A3J60DY0UM6A0C,0,,0.5,10
20180808-064212_144_live,A3G2JDGJCXCWVD,1,0.5,0,10
20180808-064649_236_live,A26FIQ42LD6QIO,0,50,0,10
20180808-064649_236_live,A3V41I0XH4FF8I,1,100,0,10
20180808-065307_529_live,ADQEDEGVPG7R,0,,0,10
20180808-065307_529_live,A11BSFO4LMHPXQ,1,,0,10
20180808-070517_921_live,A88IDP4W0BJ7P,0,,1,10
20180808-070517_921_live,A2M1V815WQXHF3,1,2,2,10
20180808-074917_388_live,A28X02I7Q5J48B,0,,0.1,12
20180808-074917_388_live,A9ZCY6FLUCIU1,1,0.1,0,12
20180808-075748_956_live,A1ZLLV6DOKMLRO,0,0.5,0,10
20180808-075748_956_live,A1T208Y507O4RS,1,0.5,0,10
20180808-075816_12_live,AEDJXOPWQULR4,0,,0.1,11
20180808-075816_12_live,A27CB6JIC5MZFR,1,0.5,0,11
20180808-081317_142_live,A1C7UV2UT2S9T7,0,,0,11
20180808-081317_142_live,A16KMPWYUZO0M6,1,1,0,11
20180823-020508_596_live,A1IJ86B8ZRKXBI,0,0.3,0,10
20180823-020508_596_live,AIZ4C8S4DW2WG,1,0.1,0,10
20180824-015242_301_live,A1C7XI68SED8JE,0,,0,11
20180824-015242_301_live,ANMD34DNHLOLC,1,,0,11
20180824-020419_695_live,A3CIWKPD7Y6NFG,0,,1,11
20180824-020419_695_live,A38F0VBX8VV3HI,1,0.85,0.85,11
20180824-022557_24_live,A2VR0KBCWPY8E1,0,,0,10
20180824-022557_24_live,AMYURTQIMAC8T,1,,0,10
20180824-022709_450_live,A3R6BNORPGQ7I1,0,,0,10
20180824-022709_450_live,A1GH0YCDQFS07G,1,,0,10
20180824-023730_85_live,A249LDVPG27XCE,0,,0,10
20180824-023730_85_live,AKC7CAVN6QS52,1,,0,10
20180824-031232_169_live,AY6KUWT4PBW0X,0,,0.1,10
20180824-031232_169_live,A3774HPOUKYTX7,1,0.2,0.02,10
20180824-120314_637_live,A27F76XB3KS0W2,0,,0.2,10
20180824-120314_637_live,A35P2RX8HKZM96,1,,0.15,10
20180824-120504_474_live,AMYURTQIMAC8T,0,,0,10
20180824-120504_474_live,A1T208Y507O4RS,1,,0,10
20180824-121026_498_live,A3BXN82OU9E4RW,0,,0,10
20180824-121026_498_live,APPND34J4EDS3,1,1.25,0,10
20180824-130121_505_live,A25Q1FKANAEYNH,0,,0.25,
20180824-130121_505_live,ASA8VDVY04TF0,1,,0.5,10
20180825-042845_49_live,A2UDVTFUNNM5TB,0,0.3,0.3,10
20180825-042845_49_live,A76YXASD7CTAH,1,0.3,0.3,10
20180825-043229_970_live,A345RMXKPKS5AD,0,,0.05,10
20180825-043229_970_live,A3RX72PACI0RG4,1,20,0,10
20180825-043341_782_live,A2DNCU1H95HCBS,0,,0,10
20180825-043341_782_live,A3MJSYSWX0Q4WQ,1,10,0.1,10
20180825-043516_619_live,A1EJ4HA4K85PBJ,0,,0,11
20180825-043516_619_live,ALML8V38FDV0,1,0.01,0,11
20180825-044048_639_live,AECQ7QG4CQP69,0,,0,10
20180825-044048_639_live,A2RUAB5F9GM1KP,1,0.3,0.05,10
20180825-044252_786_live,A1X2NKYJNHB1A5,0,,0,11
20180825-044252_786_live,AZIAQJWXTSFUX,1,0.05,0.05,11
20180825-044358_663_live,A3W24F76RRCOHU,0,,0.13,10
20180825-044358_663_live,AWZCVOUD0LPT,1,1,0,10
20180825-044613_233_live,A3PL7JEMIPFHI9,0,,0.5,11
20180825-044613_233_live,A3IQ7EGSSQF1AA,1,0.5,0.5,11
20180825-045559_409_live,A2QGMIC2DQ6KCN,0,,0,10
20180825-045559_409_live,AQNM5R2NMGTG6,1,,0,10
20180825-050306_247_live,A59M0SG4W43C6,0,,0.5,10
20180825-050306_247_live,A3T006544GOT26,1,20,0,10
20180825-051212_932_live,A11DLGQTOOSIWR,0,,0.3,10
20180825-051212_932_live,A2S79QOZ37NG2B,1,5,7,10
20180825-052611_640_live,A1PVWZ8ZYJHCOJ,0,,0,10
20180825-052611_640_live,A3AZVUQE7NIVRX,1,0,0,10
20180825-053544_897_live,A2UD55WYGQHGAT,0,,0.3,10
20180825-053544_897_live,A1QJX8U3IIL5XQ,1,,0,10
20180825-053711_81_live,ANMD34DNHLOLC,0,,0,11
20180825-053711_81_live,A1WMOJNU4FFQY8,1,0.01,1,11
20180825-054948_621_live,A59M0SG4W43C6,0,,0,10
20180825-054948_621_live,A3MANTSVBTWJ2B,1,0,0.3,10
20180825-055034_34_live,AC0M3MHHYUIYI,0,,0,11
20180825-055034_34_live,APXMWCW8VUJZ8,1,,0,11
20180825-055321_232_live,A2EFO6X8SCDLFL,0,10,0.1,11
20180825-055321_232_live,A25L985XCNESXE,1,25,0.1,11
20180825-055427_625_live,A163IXTTEZCCJ6,0,0.3,0,10
20180825-055427_625_live,A1B84JJ7ATWVJA,1,0.3,0.3,10
20180825-060212_445_live,A10G3CUJ1XUTB,0,,0.5,10
20180825-060212_445_live,A1IL81UMEC9OJI,1,,0.1,10
20180825-060251_387_live,A1HBIE5LRTQK1L,0,,0,10
20180825-060251_387_live,AI2LRSALOOKKU,1,0.15,0.15,10
20180825-060648_863_live,A2QBSHKTRY2831,0,,0,10
20180825-060648_863_live,ANKDLLQHHM2OH,1,2,2,10
20180825-061105_792_live,A2L5J9XWM1ODIL,0,0.15,0,10
20180825-061105_792_live,A31JM9RECQGYEX,1,0.15,0.15,10
20180825-062128_451_live,A1XATJA7ENOGWB,0,,0,10
20180825-062128_451_live,ARQ8PXKYRL90Q,1,1,0.5,10
20180825-062219_874_live,AY52II1OC5RZ1,0,,0,10
20180825-062219_874_live,A3OI216PJT396K,1,0,0,10
20180825-063009_943_live,A2LTOS0AZ3B28A,0,,0.3,10
20180825-063009_943_live,A33ULYULNG7D67,1,,0,10
20180825-063117_677_live,AS2MFSWNC5CQI,0,10,0,10
20180825-063117_677_live,A381W4J8VWN442,1,100,0.2,10
20180825-064001_264_live,A34L4JED8UAIXC,0,,0.2,11
20180825-064001_264_live,A1Y82LKWQQP90M,1,0.2,0.2,11
20180825-064038_102_live,A2A3X2W4YS9X8A,0,,0,10
20180825-064038_102_live,A3P57IUDHUKNCE,1,0,0,10
20180825-064811_939_live,A2KYK4S275LZO6,0,,0.2,10
20180825-064811_939_live,A33OCPETN5JEZV,1,0.05,0.05,10
20180825-064838_945_live,A161AJDHLJVCLZ,0,,0,10
20180825-064838_945_live,A1D4C4NYRWMTRQ,1,20,0,10
20180825-065106_23_live,AV3LN2EMUI4LG,0,,0,10
20180825-065106_23_live,A1H1TKK54YG94Q,1,5,0.1,10
20180825-065411_526_live,A15K979G6R0ZH6,0,0.1,0.1,10
20180825-065411_526_live,AUCH5GZGSSF8E,1,0.1,0.1,10
20180825-070515_947_live,A1FVCMGXK85014,0,,0.05,10
20180825-070515_947_live,A2TKHXY755FAM,1,,0.25,10
20180825-070857_925_live,A20AA69MT84CKP,0,,0,11
20180825-070857_925_live,A12723JDRPT207,1,0.3,0,11
20180825-070900_49_live,A25L985XCNESXE,0,,0.25,10
20180825-070900_49_live,A2C6HMH2FDM2CI,1,10,0.25,10
20180825-071316_761_live,A21Y7K669KM1PR,0,,0.1,10
20180825-071316_761_live,AVN1RGGP00USR,1,20,0,10
20180825-071459_643_live,A4DPIHCSWDEOU,0,,0,10
20180825-071459_643_live,A2IZ9FXMOW9LVQ,1,0.15,0.15,10
20180825-071727_819_live,ALRBI7LQ4WCL,0,,0.15,10
20180825-071727_819_live,A3BMIBDHO8NPOJ,1,0.15,0.15,10
20180825-073559_995_live,A2XZ1603CBMWUE,0,,0.3,10
20180825-073559_995_live,A1CHC8M7CWC254,1,1,0,10
20180825-073629_433_live,A2BRZKFG6WAVER,0,,0.1,10
20180825-073629_433_live,A37533SGF100SL,1,0.05,0,10
20180825-073813_141_live,A3E6ZHAKWMK0RW,0,,0,10
20180825-073813_141_live,A1XTMUBVXAEWBQ,1,1,0,10
20180825-074318_984_live,A3SHOJPXWNTFXZ,0,,0,10
20180825-074318_984_live,AY31F9HRH93H5,1,0.3,0.3,10
20180825-075451_984_live,A98E8M4QLI9RS,0,,0.1,10
20180825-075451_984_live,A2UA3QR3EUAT9K,1,0.1,0.1,10
20180825-075611_866_live,A33M856WO68SWS,0,,0,10
20180825-075611_866_live,A3O4VPJT4GOBMB,1,0.05,0.05,10
20180825-075627_48_live,AZIAQJWXTSFUX,0,,0,10
20180825-075627_48_live,A3A0PBRVBY8M9J,1,0,0,10
20180825-075630_493_live,AH0OMQP35UPYL,0,,0.05,10
20180825-075630_493_live,A1KXYURHCYHKOL,1,1,1,10
20180825-075647_663_live,A325U72J005UAJ,0,,0.01,11
20180825-075647_663_live,A3CHSKOAWR1DVA,1,5,0,11
20180825-075658_709_live,A37533SGF100SL,0,,0,11
20180825-075658_709_live,AKM6CK7MY7LOE,1,10,0,11
20180825-075844_569_live,A2H9FMJIC40XBI,0,0.25,0.25,11
20180825-075844_569_live,A2DX6QJ6ZRE1GC,1,0.25,0.25,11
20180825-075913_208_live,AEGY4PZBV74AF,0,,0,11
20180825-075913_208_live,A12723JDRPT207,1,1.2,0,11
20180825-080131_220_live,A1L8QPHQ2FAH0W,0,,0,10
20180825-080131_220_live,A3RSZN0UNN5GSC,1,0.15,0.15,10
20180825-080436_824_live,AL7UTA8J27TFK,0,10,10,11
20180825-080436_824_live,A2XAES9UJ78XAG,1,10,10,11
20180825-080802_964_live,A1T6TPNU64ZH9F,0,,0.15,11
20180825-080802_964_live,A120PN22KW0VPY,1,1,1,11
20180825-081402_621_live,A2BRZKFG6WAVER,0,,0,10
20180825-081402_621_live,A24WVG86YLB7QK,1,0.3,0.3,10
20180825-081502_364_live,AH0OMQP35UPYL,0,,0.05,11
20180825-081502_364_live,A37533SGF100SL,1,0.05,0,11
20180825-081859_875_live,A187TVDEUXMNFJ,0,,0.01,10
20180825-081859_875_live,A2OATZCX1YXE77,1,0.1,0.1,10
20180825-082635_438_live,AZYUCL6B0YROY,0,,0,10
20180825-082635_438_live,A1UZH3VOT4WHEF,1,,0.15,10
20180825-083430_379_live,A37533SGF100SL,0,,0,10
20180825-083430_379_live,A3CHSKOAWR1DVA,1,,0,10
20180825-083745_516_live,A1J4H2LDQOIAEL,0,,0,10
20180825-083745_516_live,AH0OMQP35UPYL,1,0.15,0.15,10
20180825-084254_215_live,A1M8NE16ROONAA,0,1,1,11
20180825-084254_215_live,A25L985XCNESXE,1,1,1,11
20180825-084657_775_live,A5ARVKMY9FVJG,0,,0.5,10
20180825-084657_775_live,A1BVEXQ684HDEP,1,0.1,0,10
20180825-085214_779_live,A37533SGF100SL,0,,0,10
20180825-085214_779_live,A3CHSKOAWR1DVA,1,5,0,10
20180825-085709_930_live,A2BRZKFG6WAVER,0,0.2,0.2,10
20180825-085709_930_live,A1FVCMGXK85014,1,0.2,0.1,10
20180825-085908_923_live,AH0OMQP35UPYL,0,0.15,0.15,11
20180825-085908_923_live,A2223XYV804AY7,1,0.15,0,11
20180825-090032_956_live,A24WVG86YLB7QK,0,,0,10
20180825-090032_956_live,A3URD2OARD89SF,1,0,0,10
20180825-090251_7_live,A25L985XCNESXE,0,,0.1,10
20180825-090251_7_live,A1BVEXQ684HDEP,1,5,0,10
20180825-090446_585_live,A26U4IKXMXT0ZA,0,,0,10
20180825-090446_585_live,A3CHSKOAWR1DVA,1,10,0,10
20180825-091558_618_live,A1FVCMGXK85014,0,,0,11
20180825-091558_618_live,A2BRZKFG6WAVER,1,,0,11
20180825-092012_333_live,A1BVEXQ684HDEP,0,,0,10
20180825-092012_333_live,A34TMWLXTWLMUL,1,,0,10
20180825-100043_534_live,A2XQVNF7ZABUQZ,0,,0.25,11
20180825-100043_534_live,A41X7MP65BTSP,1,,0.1,11
20180825-102556_172_live,A1VFRCYMWGWWCZ,0,1,1,11
20180825-102556_172_live,AIAHJVVSXGLMB,1,1,1,11
20180825-111850_152_live,A2ZWOPNOG2A5PX,0,0.25,0,11
20180825-111850_152_live,A37533SGF100SL,1,0.25,0,11
20180825-112434_860_live,APBA7ITVRAN44,0,,0.1,10
20180825-112434_860_live,A1BMZUNL98C5GL,1,0.3,0,10
20180825-112615_516_live,A1E235KE3CSO7H,0,,0,11
20180825-112615_516_live,AYTKI0O9LWEY6,1,,0,11
20180825-125810_869_live,AKZVMP0B5QHDC,0,,0,10
20180825-125810_869_live,A27CEAL8PWSAG5,1,100,0.05,10
20180825-143255_249_live,A1F2HJV6AN5JT5,0,,0,10
20180825-143255_249_live,AT19GCF2JJ38K,1,0.1,0.05,10
20180825-210735_192_live,A2K0E2OQ2KCCTD,0,,0,10
20180825-210735_192_live,A2OTN8EVA4CT4J,1,10,0.1,10
20180826-011431_343_live,A2JY56TZCEPK3J,0,,0,10
20180826-011431_343_live,ABQM9FJ6AXPCO,1,5,0,10
20180826-013036_595_live,A3TS2NCBAB9L6V,0,,0,11
20180826-013036_595_live,A8ZUM922CBH6S,1,0.15,0,11
20180826-013529_897_live,AHSXMZBNS9BPA,0,5,0,10
20180826-013529_897_live,A3KL0A3IYLPN7J,1,5,5,10
20180826-013831_953_live,A3VAAV7ZCSO7NA,0,2,1,10
20180826-013831_953_live,A3NBT0WBUQ1AJ4,1,1,1,10
20180826-020520_686_live,A2JY56TZCEPK3J,0,,0,11
20180826-020520_686_live,A2FP20UDGV3K01,1,,0,11
20180826-021724_326_live,A2O7AHH32GWNIS,0,,1,10
20180826-021724_326_live,A3KL0A3IYLPN7J,1,1,1,10
20180826-023807_40_live,A3ZWMVK6GNTJ8,0,,0,13
20180826-023807_40_live,A2U2N415A1I8QZ,1,,0.25,13
20180826-033211_245_live,A29GAVKOZCEEXL,0,,0,11
20180826-033211_245_live,A1HAOXJVRYT43K,1,,0.05,11
20180826-040651_411_live,A25DQF5YQ1UJ7R,0,,0,11
20180826-040651_411_live,A9EQ4FWCUQVBL,1,100,0.01,11
20180826-043247_456_live,A3HZ67C8YG78P3,0,,0,11
20180826-043247_456_live,A1MGSAVR0EKA9,1,1,0,11
20180826-044626_167_live,A10249252O9I20MRSOBVF,0,,0,11
20180826-044626_167_live,A3IQ7EGSSQF1AA,1,0.25,0,11
20180826-045748_926_live,A9EQ4FWCUQVBL,0,5,0.1,10
20180826-045748_926_live,AEZWQSTR5PSOE,1,5,0,10
20180826-052222_969_live,A167K17CLOW01U,0,,0,10
20180826-052222_969_live,A3RSZN0UNN5GSC,1,0.3,0.3,10
20180826-053811_708_live,A16QTKULP8HQ6G,0,,0,10
20180826-053811_708_live,A17SWXSZOWCC3M,1,,0.2,10
20180826-053845_531_live,A2HC9549CZAKNN,0,,0.5,11
20180826-053845_531_live,A3PE20PVSRKCLA,1,,0.3,11
20180826-054028_444_live,A25L985XCNESXE,0,1,0.1,10
20180826-054028_444_live,A9J48W1C9IZAI,1,1,1,10
20180826-054232_684_live,A224B7BAQ0MZSN,0,,0,10
20180826-054232_684_live,A1DNJ3C38BJ0MJ,1,0.2,0.2,10
20180826-054344_65_live,A2J46J3R0K0PWU,0,,1,10
20180826-054344_65_live,A1ZJT5IRZHKX8H,1,500,0,10
20180826-055352_947_live,A1VF6C9ZSW2K22,0,,0.15,11
20180826-055352_947_live,A2ZX24Z58N8YHX,1,,0,11
20180826-060201_521_live,A16QTKULP8HQ6G,0,,0.1,11
20180826-060201_521_live,A161AJDHLJVCLZ,1,10,0,11
20180826-061500_476_live,A1ROEDVMTO9Y3X,0,,0.5,11
20180826-061500_476_live,A1MJWY7UO3CDSM,1,10,0,11
20180826-061846_932_live,A1YV31LYI26TT5,0,,10,11
20180826-061846_932_live,AVKKT535QOQTM,1,,0.3,11
20180826-061949_863_live,A16QTKULP8HQ6G,0,,0.2,10
20180826-061949_863_live,A2BLP3G105MLH1,1,5,0,10
20180826-062356_655_live,A9EQ4FWCUQVBL,0,,0.1,10
20180826-062356_655_live,A1AMP9RUXAAV9K,1,,0,10
20180826-062736_188_live,ANMD34DNHLOLC,0,,0,11
20180826-062736_188_live,A2USG66RL7MM4E,1,,0,11
20180826-062755_702_live,A25L985XCNESXE,0,,0.05,10
20180826-062755_702_live,A22WWSTT8TU7G1,1,0.05,0.05,10
20180826-063853_537_live,A3PQUGIQQBPR98,0,,0,10
20180826-063853_537_live,A16QTKULP8HQ6G,1,,0.05,10
20180826-064104_677_live,A25L985XCNESXE,0,,0.05,10
20180826-064104_677_live,A3E2NEZ6M1N1DT,1,0.1,0,10
20180826-064412_288_live,A2B9EPZNDQ41GA,0,,0,10
20180826-064412_288_live,A161AJDHLJVCLZ,1,,0,10
20180826-065245_39_live,A3HZ67C8YG78P3,0,,0.5,10
20180826-065245_39_live,A2TKHXY755FAM,1,,0.1,10
20180826-070022_438_live,A16QTKULP8HQ6G,0,,0,10
20180826-070022_438_live,A22WWSTT8TU7G1,1,0.05,0.05,10
20180826-070323_186_live,A161AJDHLJVCLZ,0,,0,10
20180826-070323_186_live,A1JRP3B1LNXJRP,1,,0,10
20180826-072151_442_live,A16QTKULP8HQ6G,0,5,0,10
20180826-072151_442_live,A1FVCMGXK85014,1,5,5,10
20180826-073320_803_live,A1NOHVLPYWB0TP,0,,0.25,10
20180826-073320_803_live,A16KMPWYUZO0M6,1,20,0,10
20180826-073858_133_live,A22WWSTT8TU7G1,0,1,0.05,11
20180826-073858_133_live,A2SRC38HIJ2X19,1,0.3,0.3,11
20180826-080505_231_live,A1JMD1M91WRWGB,0,,0,10
20180826-080505_231_live,A2P065E9CYMYJL,1,0.25,0,10
20180826-082717_200_live,A2EABC3X5VMZ95,0,,0.1,10
20180826-082717_200_live,A1QEQOI98976S0,1,0.1,0.1,10
20180826-173836_197_live,A3ORNS0NYX7BQ5,0,,0.5,10
20180826-173836_197_live,A1D4C4NYRWMTRQ,1,0.5,0,10
20180826-174120_426_live,A3KL0A3IYLPN7J,0,0.15,0.15,11
20180826-174120_426_live,A1B7Y6W33FM2L8,1,0.15,0.15,11
20180826-174459_637_live,A3FPPZWMQOANR4,0,,0,10
20180826-174459_637_live,AAIQLE701DI9U,1,1,0,10
20180826-174933_275_live,A249LDVPG27XCE,0,,0,10
20180826-174933_275_live,A3QN9B9ZS1CWWM,1,,0,10
20180826-174957_757_live,A30MTVHNNST3F,0,0.2,0,11
20180826-174957_757_live,A3MAK5EFNKNO62,1,0.2,0.2,11
20180826-175233_4_live,A161AJDHLJVCLZ,0,,0,10
20180826-175233_4_live,AKKCES7R3Q53U,1,1,0,10
20180826-175345_318_live,A2DWSKGD9RNKMJ,0,,0,10
20180826-175345_318_live,A3G8IG349UQ1FU,1,,0,10
20180826-175426_937_live,A3CHSKOAWR1DVA,0,0.5,0,10
20180826-175426_937_live,A1DNJ3C38BJ0MJ,1,0.5,0.5,10
20180826-175705_624_live,A1FVCMGXK85014,0,,0,10
20180826-175705_624_live,A1D4C4NYRWMTRQ,1,0.6,0,10
20180826-175706_443_live,A1TYMXIYUUUL6F,0,,0,10
20180826-175706_443_live,A3DLO2PNUBIKID,1,0,0,10
20180826-175853_545_live,A16QTKULP8HQ6G,0,,0.01,10
20180826-175853_545_live,AEFQQ371NKQU8,1,0.1,0.1,10
20180826-180009_407_live,A3B51VO4UKOX0Y,0,,0.5,10
20180826-180009_407_live,A17VW7C10DPHR,1,0.1,0,10
20180826-180300_663_live,A6KOTWP7N7RLU,0,,0,11
20180826-180300_663_live,A2JY56TZCEPK3J,1,2,0,11
20180826-180314_928_live,A2OBW9OO2S40T3,0,0.3,0.3,10
20180826-180314_928_live,A5ZK7EFIUFBQP,1,0.2,0,10
20180826-180554_582_live,A38I33OZVPDX30,0,,0.1,11
20180826-180554_582_live,A1BVEXQ684HDEP,1,5,0,11
20180826-180631_700_live,A161AJDHLJVCLZ,0,,0,10
20180826-180631_700_live,AG1BNU31ZP490,1,0,0.15,10
20180826-181020_331_live,A1EOBT1HEM960W,0,,1,11
20180826-181020_331_live,A3CHSKOAWR1DVA,1,3,0,11
20180826-181249_805_live,A25MO8CV5PIMLM,0,,0,10
20180826-181249_805_live,A3G8OON0TDPN1E,1,0.25,0,10
20180826-181742_58_live,A1FVCMGXK85014,0,,0,11
20180826-181742_58_live,AMJBPEANFZDMH,1,20,0,11
20180826-181903_395_live,A3FPPZWMQOANR4,0,,0,10
20180826-181903_395_live,A3IB7YJHP04OHI,1,0.15,0,10
20180826-181951_904_live,A2GOJCVBYZ6H75,0,,0,10
20180826-181951_904_live,A1GE8OJYZORT4N,1,0.05,0.05,10
20180826-182047_49_live,A1D4C4NYRWMTRQ,0,,0,10
20180826-182047_49_live,A2OATZCX1YXE77,1,10,0,10
20180826-182048_519_live,ABQM9FJ6AXPCO,0,,0,11
20180826-182048_519_live,A1BHW4QNL2D9EF,1,,0,11
20180826-182522_887_live,A2VSS175DP9WM9,0,,0.05,10
20180826-182522_887_live,A2IZDQOET9SLE3,1,0.2,0.2,10
20180826-184037_209_live,APJJ1HHD2GGFS,0,0.1,0,10
20180826-184037_209_live,AQ24MDE19B8A3,1,0.1,0.1,10
20180826-184708_183_live,AV3LN2EMUI4LG,0,,0,10
20180826-184708_183_live,A2MP71UFBP05XH,1,,0,10
20180826-190151_488_live,AG1BNU31ZP490,0,,0.15,10
20180826-190151_488_live,A1DIV78LN6U2D0,1,20,0,10
20180826-192022_0_live,A2APJBWVHEFR9Q,0,,0.1,11
20180826-192022_0_live,A1FOPF17E45428,1,,0,11
20180826-193546_146_live,A3BKZ14V95ZNR6,0,,0,10
20180826-193546_146_live,A3FPPZWMQOANR4,1,25,0,10
20180826-194841_403_live,AG1BNU31ZP490,0,,0.05,11
20180826-194841_403_live,A1ELADE3LT4GF9,1,,0.3,11
20180826-203821_83_live,A3FPPZWMQOANR4,0,,0,10
20180826-203821_83_live,A3LPTQVJ1XSS4L,1,0.1,0.1,10
20180826-204907_535_live,A2XZ1603CBMWUE,0,,0,10
20180826-204907_535_live,A2W03879KN5EQ2,1,0.3,0.3,10
20180826-210609_644_live,AW9SCL2U33XET,0,,0,11
20180826-210609_644_live,A1B6EGCM2DNDPC,1,0.05,0.05,11
20180826-212714_597_live,A3FPPZWMQOANR4,0,,0,10
20180826-212714_597_live,A3TY6TIDZ7M9OF,1,0.15,0.15,10
20180826-220528_999_live,ALBORX1DBXFLC,0,,0,10
20180826-220528_999_live,A2KVQG5ACP726I,1,0.3,0.3,10
20180826-220838_141_live,A3L4JI1S352HB8,0,,0,11
20180826-220838_141_live,A3FPPZWMQOANR4,1,50,0,11
20180827-004037_444_live,A4OVCB3307414,0,,0,10
20180827-004037_444_live,ACB9BNW7MC207,1,,1,10
20180827-004200_630_live,A2MFSVLOTJ52TE,0,,0,11
20180827-004200_630_live,A3ECJAL8MQKP4G,1,10,0.3,11
20180827-021816_456_live,A2COBVXJB4QPRV,0,,0,10
20180827-021816_456_live,A2T2WRW85CB935,1,0.3,50,10
20180827-024612_480_live,A9EQ4FWCUQVBL,0,,0,10
20180827-024612_480_live,A144N9R7W4H67O,1,,0,10
20180827-025236_792_live,A2COBVXJB4QPRV,0,,0.1,10
20180827-025236_792_live,A2JYPDENMYQRZK,1,0.3,0.2,10
20180827-030633_256_live,A9EQ4FWCUQVBL,0,,0,10
20180827-030633_256_live,A30TF4DDN9MTER,1,,10,10
20180827-032231_430_live,A9EQ4FWCUQVBL,0,,0,10
20180827-032231_430_live,A16QTKULP8HQ6G,1,,0.01,10
20180827-032731_796_live,A3U8PLWZQUK09D,0,,0,10
20180827-032731_796_live,AYC8MBX0JXIQB,1,100,100,10
20180827-032811_159_live,A3V5ZWYFPIENOI,0,,0,12
20180827-032811_159_live,A1WS3FQPGZFO2G,1,25,25,12
20180827-033057_106_live,A1RGD548VIVY96,0,,1,12
20180827-033057_106_live,A1V9CCGVDKU65F,1,,0.1,12
20180827-033412_606_live,A3DLPY6ABKCXSI,0,,0.15,10
20180827-033412_606_live,A2COBVXJB4QPRV,1,0.15,0.15,10
20180827-033451_673_live,A6A21SRMUVFYP,0,,0.3,11
20180827-033451_673_live,A20BBA2Z4ONDC6,1,0.5,2,11
20180827-034056_964_live,A16QTKULP8HQ6G,0,,0.01,10
20180827-034056_964_live,A300GJOLD4FJF4,1,0,0,10
20180827-034916_910_live,A25L985XCNESXE,0,,0.05,10
20180827-034916_910_live,ABS5DWGFW9T37,1,0.3,0.3,10
20180827-035202_980_live,A3PL7JEMIPFHI9,0,,0,11
20180827-035202_980_live,A15340BRCER2UO,1,0,0,11
20180827-041027_973_live,A9EQ4FWCUQVBL,0,,0,10
20180827-041027_973_live,A2VSS175DP9WM9,1,,0,10
20180827-041028_432_live,A25L985XCNESXE,0,,0.05,10
20180827-041028_432_live,A25MO8CV5PIMLM,1,0.1,0.1,10
20180827-043632_426_live,A1WKF2VH7TV0H2,0,0.01,0,10
20180827-043632_426_live,A18KMOL67M20OT,1,0.01,0.1,10
20180827-050740_909_live,A161AJDHLJVCLZ,0,,0,10
20180827-050740_909_live,A1PVWZ8ZYJHCOJ,1,0,0,10
20180827-051440_378_live,APDJK6L7NMI2A,0,0.15,0,11
20180827-051440_378_live,A1I0IMY55Z55T9,1,0.1,0,11
20180827-053243_818_live,A9NCQ5B04J7TD,0,,0,11
20180827-053243_818_live,A3PQUGIQQBPR98,1,0,0,11
20180828-151914_101_live,A2A4EX36X0JB4R,0,,1,
20180828-151914_101_live,A1A6WVWKUO1XX,1,1,1,10
20180828-165639_960_live,A3QN9B9ZS1CWWM,0,,0,
20180828-165639_960_live,AV3LN2EMUI4LG,1,0.3,0,10
20180829-082113_449_live,A1RF078Z8U7YBL,0,,0.25,
20180829-082113_449_live,AX8RDFKYAO9BX,1,0.25,0.5,10
20180829-084042_694_live,A1KUXDQ9VECR4V,0,,0,
20180829-084042_694_live,A2EKCMS8IKV57N,1,1,0,10
20180902-215344_542_live,A1I9ZBV75AVWUS,0,,0,
20180902-215344_542_live,AG3ISFZMFGDQ9,1,2,2,10
20180902-220100_244_live,A3GO7ZO83710SF,0,,0,
20180902-220100_244_live,A1R3T5771PPSMR,1,0.5,0.5,10
20180902-222227_892_live,A1HXE4IVFL1L,0,,0,
20180902-222227_892_live,A1B7Y6W33FM2L8,1,2,2,10
20180903-094545_472_live,A1N7JIYDZQ1AR,0,,0,
20180903-094545_472_live,A1MDOWPQ04PFYB,1,,0,10
20180903-103835_253_live,A2581F7TDPAMBQ,0,,0,
20180903-103835_253_live,A29VL3MZE7YPBZ,1,,0,10
20180903-103939_512_live,A25AJ66CYVUTBR,0,,0,
20180903-103939_512_live,A18O3DEA5Z4MJD,1,0.25,0.02,10
20180903-111245_955_live,A1X6Z93V4G0Q8H,0,,0.1,
20180903-111245_955_live,A6HA3UTCN014C,1,1,1,10
20180903-132332_521_live,A2OATZCX1YXE77,0,,0,
20180903-132332_521_live,A1ICLON5I25JP2,1,0.25,0,10
20180903-134122_237_live,ADATJMIZE412Z,0,,0,
20180903-134122_237_live,AIVV4VUFFYHHN,1,,0.2,10
20180903-145436_470_live,A766NF07JPWIR,0,,0.5,
20180903-145436_470_live,A161AJDHLJVCLZ,1,,0,10
20180903-163331_887_live,A1AZ5I7YSPJCU9,0,,0.1,
20180903-163331_887_live,AJY9CIX7FW9W1,1,2,2,10
20180903-165804_344_live,A3O0QZQ4V2IXT7,0,,0,
20180903-165804_344_live,A3BL2ZEODD79AZ,1,0,0,10
20180903-224911_659_live,A1C7XI68SED8JE,0,,0,
20180903-224911_659_live,ACNHKXWKZRUZ5,1,,1,10
20180904-004818_580_live,A2JZDJPQ0JTJY9,0,,0.05,11
20180904-004818_580_live,A2CP6MLJVJYBO7,1,0.25,0.25,11
20180904-012448_306_live,A3KL0A3IYLPN7J,0,,0.1,10
20180904-012448_306_live,A3KEBJF8GGC49A,1,0.1,0.1,10
20180904-012828_299_live,AEZ57X5KVI2ZH,0,,0,10
20180904-012828_299_live,A2COBVXJB4QPRV,1,,0,10
20180904-024226_703_live,A22WWSTT8TU7G1,0,0.01,0.05,10
20180904-024226_703_live,A2JQOU78XJA6VP,1,0.05,0.05,10
20180904-025026_901_live,AISNLDPD2DFEG,0,,0,10
20180904-025026_901_live,A3PL7JEMIPFHI9,1,0.3,0.3,10
20180904-030739_178_live,AKQP8M2GR7VCL,0,,0,10
20180904-030739_178_live,A3U8PLWZQUK09D,1,,0,10
20180904-032932_423_live,A3NBT0WBUQ1AJ4,0,,1,11
20180904-032932_423_live,AA8EWR4MUGQNO,1,1,1,11
20180904-043300_214_live,A161AJDHLJVCLZ,0,,0,10
20180904-043300_214_live,A3P2LT53J1GUBG,1,,0,10
20180904-045349_715_live,A3A07QA5U733HQ,0,,0,11
20180904-045349_715_live,A25L985XCNESXE,1,0.2,0,11
20180904-073734_888_live,A37UAEDJV33QQ5,0,,1,
20180904-073734_888_live,A2ZHSCEKPMUX9Y,1,,0,10
